﻿<?xml version="1.0" encoding="utf-8"?>
<updateFiles>
  <file path="/AutoUpdater.config" url="http://phonetest.mioffice.cn/share/miflash/update/AutoUpdater.config" lastver="1e7c2694e340ecc29d02fb89af29e2ec" size="22658" needRestart="false" />
  <file path="/AutoUpdater.dll" url="http://phonetest.mioffice.cn/share/miflash/update/AutoUpdater.dll" lastver="1.0.0.0" size="34304" needRestart="false" />
  <file path="/AutoUpdater.pdb" url="http://phonetest.mioffice.cn/share/miflash/update/AutoUpdater.pdb" lastver="686f8ef6be3b1b33ac5f48081dfd9505" size="56832" needRestart="false" />
  <file path="/BaseTools.dll" url="http://phonetest.mioffice.cn/share/miflash/update/BaseTools.dll" lastver="3.2.3.8" size="71680" needRestart="false" />
  <file path="/fh_loader.exe" url="http://phonetest.mioffice.cn/share/miflash/update/fh_loader.exe" lastver="fc69187eaa645afb1320ada5764a0082" size="379392" needRestart="false" />
  <file path="/FISTools.dll" url="http://phonetest.mioffice.cn/share/miflash/update/FISTools.dll" lastver="2.5.1.6" size="46080" needRestart="false" />
  <file path="/genupdatexml.exe" url="http://phonetest.mioffice.cn/share/miflash/update/genupdatexml.exe" lastver="1.0.0.0" size="10240" needRestart="false" />
  <file path="/MiUSB.dll" url="http://phonetest.mioffice.cn/share/miflash/update/MiUSB.dll" lastver="1.0.0.0" size="33280" needRestart="false" />
  <file path="/MiUSB.pdb" url="http://phonetest.mioffice.cn/share/miflash/update/MiUSB.pdb" lastver="fba879be35ef4488ecc0f9c59a0b36e7" size="50688" needRestart="false" />
  <file path="/Newtonsoft.Json.dll" url="http://phonetest.mioffice.cn/share/miflash/update/Newtonsoft.Json.dll" lastver="10.0.3.21018" size="460800" needRestart="false" />
  <file path="/port_trace.txt" url="http://phonetest.mioffice.cn/share/miflash/update/port_trace.txt" lastver="bdd7fa25ffc07eab61b03aa97347e7b5" size="417928" needRestart="false" />
  <file path="/PUB_TEST_FUNC_DLL.dll" url="http://phonetest.mioffice.cn/share/miflash/update/PUB_TEST_FUNC_DLL.dll" lastver="1.0.0.0" size="10752" needRestart="false" />
  <file path="/qcCoInstaller.dll" url="http://phonetest.mioffice.cn/share/miflash/update/qcCoInstaller.dll" lastver="2013, 11, 08, 0" size="116736" needRestart="false" />
  <file path="/QSaharaServer.exe" url="http://phonetest.mioffice.cn/share/miflash/update/QSaharaServer.exe" lastver="6fe78fc1609a2e455d8866716cf6d9ff" size="174592" needRestart="false" />
  <file path="/ReadMe.txt" url="http://phonetest.mioffice.cn/share/miflash/update/ReadMe.txt" lastver="63583d34121a9ee5b9f4f6adb87c74ab" size="105" needRestart="false" />
  <file path="/RoutingObject.dll" url="http://phonetest.mioffice.cn/share/miflash/update/RoutingObject.dll" lastver="1.7.5.0" size="57856" needRestart="false" />
  <file path="/SLA_Challenge.dll" url="http://phonetest.mioffice.cn/share/miflash/update/SLA_Challenge.dll" lastver="1.0.170316.36" size="125368" needRestart="false" />
  <file path="/Upgrader.exe" url="http://phonetest.mioffice.cn/share/miflash/update/Upgrader.exe" lastver="1.0.0.0" size="9728" needRestart="false" />
  <file path="/Upgrader.pdb" url="http://phonetest.mioffice.cn/share/miflash/update/Upgrader.pdb" lastver="e37bf09a54318019505b0e567a923144" size="24064" needRestart="false" />
  <file path="/XiaoMiFlash.exe" url="http://phonetest.mioffice.cn/share/miflash/update/XiaoMiFlash.exe" lastver="1.0.0.0" size="224256" needRestart="false" />
  <file path="/XiaoMiFlash.exe.config" url="http://phonetest.mioffice.cn/share/miflash/update/XiaoMiFlash.exe.config" lastver="8c9a756b80563cf45ff4d09aa5a68df8" size="1679" needRestart="false" />
  <file path="/XiaoMiFlash.pdb" url="http://phonetest.mioffice.cn/share/miflash/update/XiaoMiFlash.pdb" lastver="6d1058e4b0e6d2ee78c066944411bf68" size="353792" needRestart="false" />
  <file path="/XiaoMiFlash.vshost.exe" url="http://phonetest.mioffice.cn/share/miflash/update/XiaoMiFlash.vshost.exe" lastver="10.0.30319.1" size="11608" needRestart="false" />
  <file path="/XiaoMiFlash.vshost.exe.Config" url="http://phonetest.mioffice.cn/share/miflash/update/XiaoMiFlash.vshost.exe.Config" lastver="8c9a756b80563cf45ff4d09aa5a68df8" size="1679" needRestart="false" />
  <file path="/XiaoMiFlash.vshost.exe.manifest" url="http://phonetest.mioffice.cn/share/miflash/update/XiaoMiFlash.vshost.exe.manifest" lastver="21f77a9b535f8dd3d5e0a2035b62622b" size="2373" needRestart="false" />
  <file path="/da/DA_PL.bin" url="http://phonetest.mioffice.cn/share/miflash/update/da/DA_PL.bin" lastver="2fc3f298e77c422e6ed22c6b743e0dac" size="434196" needRestart="false" />
  <file path="/da/DA_SWSEC.bin" url="http://phonetest.mioffice.cn/share/miflash/update/da/DA_SWSEC.bin" lastver="89103305b21f8ebc508cea322a3c8c86" size="4685244" needRestart="false" />
  <file path="/da/MTK_AllInOne_DA.bin" url="http://phonetest.mioffice.cn/share/miflash/update/da/MTK_AllInOne_DA.bin" lastver="decaaeb4796f47059b3bc0316c32e177" size="7174964" needRestart="false" />
  <file path="/da/Orgin_MTK_AllInOne_DA.bin" url="http://phonetest.mioffice.cn/share/miflash/update/da/Orgin_MTK_AllInOne_DA.bin" lastver="c5a5e5acb9fcf632967ba35b899837f7" size="7592640" needRestart="false" />
  <file path="/Log/0f1fe0f50004@201783016546.txt" url="http://phonetest.mioffice.cn/share/miflash/update/Log/0f1fe0f50004@201783016546.txt" lastver="281e4c4a76cb7efbf85656307b383512" size="1360" needRestart="false" />
  <file path="/Log/0f1fe0f50004@2017830171539.txt" url="http://phonetest.mioffice.cn/share/miflash/update/Log/0f1fe0f50004@2017830171539.txt" lastver="b4c3d8c3003c68e6c813069f50b709f7" size="1302" needRestart="false" />
  <file path="/Log/0f1fe0f50004@2017830171546.txt" url="http://phonetest.mioffice.cn/share/miflash/update/Log/0f1fe0f50004@2017830171546.txt" lastver="1941df66665323c6ec617891e4e8f6da" size="1301" needRestart="false" />
  <file path="/Log/0f1fe0f50004@201783017174.txt" url="http://phonetest.mioffice.cn/share/miflash/update/Log/0f1fe0f50004@201783017174.txt" lastver="f5d6a4f6196364fd3ad665906817a6f9" size="10043" needRestart="false" />
  <file path="/Log/0f1fe0f50004@2017830172233.txt" url="http://phonetest.mioffice.cn/share/miflash/update/Log/0f1fe0f50004@2017830172233.txt" lastver="c9ae562a129e64b824fbec2e36dfead0" size="18312" needRestart="false" />
  <file path="/Log/0f1fe0f50004@20178301726.txt" url="http://phonetest.mioffice.cn/share/miflash/update/Log/0f1fe0f50004@20178301726.txt" lastver="0a1ea6412f2e9779527f8244bf2d4f4e" size="18236" needRestart="false" />
  <file path="/Log/0f1fe0f50004@2017830173024.txt" url="http://phonetest.mioffice.cn/share/miflash/update/Log/0f1fe0f50004@2017830173024.txt" lastver="298de0792c51ca7245a62d0171c8d29f" size="1301" needRestart="false" />
  <file path="/Log/0f1fe0f50004@2017830173057.txt" url="http://phonetest.mioffice.cn/share/miflash/update/Log/0f1fe0f50004@2017830173057.txt" lastver="cadf16b5b21e1e217b3af892a3721822" size="1226" needRestart="false" />
  <file path="/Log/0f1fe0f50004@2017830173122.txt" url="http://phonetest.mioffice.cn/share/miflash/update/Log/0f1fe0f50004@2017830173122.txt" lastver="acebc15fec11438c5483f0620d9803d6" size="1226" needRestart="false" />
  <file path="/Log/0f1fe0f50004@2017830173150.txt" url="http://phonetest.mioffice.cn/share/miflash/update/Log/0f1fe0f50004@2017830173150.txt" lastver="8a4a6bc7705164f7df044502eaa9c6a3" size="1301" needRestart="false" />
  <file path="/Log/0f1fe0f50004@201783017316.txt" url="http://phonetest.mioffice.cn/share/miflash/update/Log/0f1fe0f50004@201783017316.txt" lastver="3eeddae30b524aae3e59cbfe27826dbc" size="1226" needRestart="false" />
  <file path="/Log/0f1fe0f50004@2017830173239.txt" url="http://phonetest.mioffice.cn/share/miflash/update/Log/0f1fe0f50004@2017830173239.txt" lastver="9eb39b7824035871ee454abfc83f3125" size="1301" needRestart="false" />
  <file path="/Log/0f1fe0f50004@2017830173438.txt" url="http://phonetest.mioffice.cn/share/miflash/update/Log/0f1fe0f50004@2017830173438.txt" lastver="6f7f147505311342f28d454aa968679a" size="1301" needRestart="false" />
  <file path="/Log/0f1fe0f50004@2017830173614.txt" url="http://phonetest.mioffice.cn/share/miflash/update/Log/0f1fe0f50004@2017830173614.txt" lastver="5c37009c189a5542930b7833af1b00c4" size="1227" needRestart="false" />
  <file path="/Log/0f1fe0f50004@201783017395.txt" url="http://phonetest.mioffice.cn/share/miflash/update/Log/0f1fe0f50004@201783017395.txt" lastver="04ee86619467ede9551e6f9c0bf82a84" size="1179" needRestart="false" />
  <file path="/Log/0f1fe0f50004@201783017429.txt" url="http://phonetest.mioffice.cn/share/miflash/update/Log/0f1fe0f50004@201783017429.txt" lastver="9c109f2946e28dcf5338c1d2699766f0" size="1243" needRestart="false" />
  <file path="/Log/0f1fe0f50004@2017830174710.txt" url="http://phonetest.mioffice.cn/share/miflash/update/Log/0f1fe0f50004@2017830174710.txt" lastver="77f713c1c02645cc579d1042603dda07" size="1261" needRestart="false" />
  <file path="/Log/0f1fe0f50004@2017830175255.txt" url="http://phonetest.mioffice.cn/share/miflash/update/Log/0f1fe0f50004@2017830175255.txt" lastver="848e452b9fe2b330e2156249182c8d74" size="1180" needRestart="false" />
  <file path="/Log/0f1fe0f50004@2017830175329.txt" url="http://phonetest.mioffice.cn/share/miflash/update/Log/0f1fe0f50004@2017830175329.txt" lastver="6687a0a70f10718d37ca1cdbad3af0bd" size="963" needRestart="false" />
  <file path="/Log/0f1fe0f50004@201783017543.txt" url="http://phonetest.mioffice.cn/share/miflash/update/Log/0f1fe0f50004@201783017543.txt" lastver="3b5c915c449e0a9d4bf0c768ff36d0ff" size="1180" needRestart="false" />
  <file path="/Log/0f1fe0f50004@2017830175543.txt" url="http://phonetest.mioffice.cn/share/miflash/update/Log/0f1fe0f50004@2017830175543.txt" lastver="5aa613eb7652ad34ee4fea8e11bf6dae" size="1179" needRestart="false" />
  <file path="/Log/0f1fe0f50004@201783017589.txt" url="http://phonetest.mioffice.cn/share/miflash/update/Log/0f1fe0f50004@201783017589.txt" lastver="9e8be3472cf2c0b7ac45cf2763a52a44" size="1226" needRestart="false" />
  <file path="/Log/0f1fe0f50004@2017830175933.txt" url="http://phonetest.mioffice.cn/share/miflash/update/Log/0f1fe0f50004@2017830175933.txt" lastver="75874378e4262ea8d972bc62becb34cb" size="1180" needRestart="false" />
  <file path="/Log/0f1fe0f50004@20178301813.txt" url="http://phonetest.mioffice.cn/share/miflash/update/Log/0f1fe0f50004@20178301813.txt" lastver="abcf0ce869bf910ea402337db33f711a" size="1302" needRestart="false" />
  <file path="/Log/0f1fe0f50004@201783018159.txt" url="http://phonetest.mioffice.cn/share/miflash/update/Log/0f1fe0f50004@201783018159.txt" lastver="0007933647452c75cd93bf889e07828e" size="1262" needRestart="false" />
  <file path="/Log/0f1fe0f50004@20178301826.txt" url="http://phonetest.mioffice.cn/share/miflash/update/Log/0f1fe0f50004@20178301826.txt" lastver="d95066eb9c840e32d7a743dc6d506d9d" size="1261" needRestart="false" />
  <file path="/Log/0f1fe0f50004@201783018318.txt" url="http://phonetest.mioffice.cn/share/miflash/update/Log/0f1fe0f50004@201783018318.txt" lastver="6254eaa211b4879826082cadca69aac3" size="1261" needRestart="false" />
  <file path="/Log/0f1fe0f50004@201783018331.txt" url="http://phonetest.mioffice.cn/share/miflash/update/Log/0f1fe0f50004@201783018331.txt" lastver="5e651112205a17ff5acdf26d40485b2c" size="10405" needRestart="false" />
  <file path="/Log/0f1fe0f50004@20178301867.txt" url="http://phonetest.mioffice.cn/share/miflash/update/Log/0f1fe0f50004@20178301867.txt" lastver="41be3f8a98d3f9a7494a0c2db1002570" size="10094" needRestart="false" />
  <file path="/Log/0f1fe0f50004@201783018810.txt" url="http://phonetest.mioffice.cn/share/miflash/update/Log/0f1fe0f50004@201783018810.txt" lastver="349851845f1d162aa0713c4417142d13" size="10151" needRestart="false" />
  <file path="/Log/MiFlash-Result@2017830.txt" url="http://phonetest.mioffice.cn/share/miflash/update/Log/MiFlash-Result@2017830.txt" lastver="a9832a1d58b5cb3a03c23bb1d7d5c372" size="2467" needRestart="false" />
  <file path="/Log/miflash@2017830.txt" url="http://phonetest.mioffice.cn/share/miflash/update/Log/miflash@2017830.txt" lastver="26ead2023f82d3f8fc5593287f8fd609" size="9849" needRestart="false" />
  <file path="/mi/account_auth.exe" url="http://phonetest.mioffice.cn/share/miflash/update/mi/account_auth.exe" lastver="1.0.170316.36" size="3628472" needRestart="false" />
  <file path="/mi/auth_sv5.auth" url="http://phonetest.mioffice.cn/share/miflash/update/mi/auth_sv5.auth" lastver="39cc9d5f5fcaa2311d14c898eb1ff6e6" size="2256" needRestart="false" />
  <file path="/mi/libcurl.dll" url="http://phonetest.mioffice.cn/share/miflash/update/mi/libcurl.dll" lastver="7.45.0" size="481208" needRestart="false" />
  <file path="/mi/libeay32.dll" url="http://phonetest.mioffice.cn/share/miflash/update/mi/libeay32.dll" lastver="1.0.1f" size="1404344" needRestart="false" />
  <file path="/mi/ssleay32.dll" url="http://phonetest.mioffice.cn/share/miflash/update/mi/ssleay32.dll" lastver="1.0.1f" size="355256" needRestart="false" />
  <file path="/mi/VMProtectSDK32.dll" url="http://phonetest.mioffice.cn/share/miflash/update/mi/VMProtectSDK32.dll" lastver="b65ec25281e81138098cdeb4e82705e2" size="65976" needRestart="false" />
  <file path="/mi/zlib1.dll" url="http://phonetest.mioffice.cn/share/miflash/update/mi/zlib1.dll" lastver="1.2.8" size="250808" needRestart="false" />
  <file path="/mi/account_auth.res/bind.xml" url="http://phonetest.mioffice.cn/share/miflash/update/mi/account_auth.res/bind.xml" lastver="9a57b1f5b5e5e9999b73015cd9f6c328" size="2542" needRestart="false" />
  <file path="/mi/account_auth.res/bind.xml.bak" url="http://phonetest.mioffice.cn/share/miflash/update/mi/account_auth.res/bind.xml.bak" lastver="537ec649ca44b4f0b2963f039f166cee" size="3291" needRestart="false" />
  <file path="/mi/account_auth.res/CH.ini" url="http://phonetest.mioffice.cn/share/miflash/update/mi/account_auth.res/CH.ini" lastver="9d32a04e7aa89cdeca15e51d766e1ca7" size="2510" needRestart="false" />
  <file path="/mi/account_auth.res/check.xml" url="http://phonetest.mioffice.cn/share/miflash/update/mi/account_auth.res/check.xml" lastver="7c5fd30896609392fb42a9ff76c23067" size="1237" needRestart="false" />
  <file path="/mi/account_auth.res/confirm.xml" url="http://phonetest.mioffice.cn/share/miflash/update/mi/account_auth.res/confirm.xml" lastver="de886b057a69d0ef132f12f4a7edb915" size="1797" needRestart="false" />
  <file path="/mi/account_auth.res/EN.ini" url="http://phonetest.mioffice.cn/share/miflash/update/mi/account_auth.res/EN.ini" lastver="5a8f0a4922cef60f1e47f34356f55fa3" size="3666" needRestart="false" />
  <file path="/mi/account_auth.res/icon.png" url="http://phonetest.mioffice.cn/share/miflash/update/mi/account_auth.res/icon.png" lastver="f0fc51b2ae6ff5667380f839bbc41cb7" size="195" needRestart="false" />
  <file path="/mi/account_auth.res/language_change_confirm.xml" url="http://phonetest.mioffice.cn/share/miflash/update/mi/account_auth.res/language_change_confirm.xml" lastver="0482b124d0fe4063080a6237f9ab896a" size="1728" needRestart="false" />
  <file path="/mi/account_auth.res/main_frame.xml" url="http://phonetest.mioffice.cn/share/miflash/update/mi/account_auth.res/main_frame.xml" lastver="e0de3b0019ac85904bd0bb614389cef5" size="386" needRestart="false" />
  <file path="/mi/account_auth.res/manual_review.xml" url="http://phonetest.mioffice.cn/share/miflash/update/mi/account_auth.res/manual_review.xml" lastver="4a437d518f29132983f57e6f1ebd4b78" size="1828" needRestart="false" />
  <file path="/mi/account_auth.res/mi_login_ui.xml" url="http://phonetest.mioffice.cn/share/miflash/update/mi/account_auth.res/mi_login_ui.xml" lastver="3b27f63318865965aa94835a9e07e6dc" size="2660" needRestart="false" />
  <file path="/mi/account_auth.res/setting.ini" url="http://phonetest.mioffice.cn/share/miflash/update/mi/account_auth.res/setting.ini" lastver="523b16aa83c5c21d20ccbb91e263ddb1" size="51" needRestart="false" />
  <file path="/mi/account_auth.res/setting_dlg.xml" url="http://phonetest.mioffice.cn/share/miflash/update/mi/account_auth.res/setting_dlg.xml" lastver="2befd5a8bcc354312c92709a6b516f2e" size="1310" needRestart="false" />
  <file path="/mi/account_auth.res/style.xml" url="http://phonetest.mioffice.cn/share/miflash/update/mi/account_auth.res/style.xml" lastver="9b4892eb82d6b3acb0502edd626e1818" size="1103" needRestart="false" />
  <file path="/mi/account_auth.res/topbar.xml" url="http://phonetest.mioffice.cn/share/miflash/update/mi/account_auth.res/topbar.xml" lastver="77cf95eec27070cb40b9eda6f3c9b23a" size="1208" needRestart="false" />
  <file path="/mi/account_auth.res/btns/checkbox_list.png" url="http://phonetest.mioffice.cn/share/miflash/update/mi/account_auth.res/btns/checkbox_list.png" lastver="9793a04ca1b969920971109bbd57a860" size="3397" needRestart="false" />
  <file path="/mi/account_auth.res/btns/checkbox_list_bg.png" url="http://phonetest.mioffice.cn/share/miflash/update/mi/account_auth.res/btns/checkbox_list_bg.png" lastver="5872104d3259bb231d8a426ad7f3f23c" size="3033" needRestart="false" />
  <file path="/mi/account_auth.res/btns/close.png" url="http://phonetest.mioffice.cn/share/miflash/update/mi/account_auth.res/btns/close.png" lastver="7ef459d054648fb84d6321d0d16d38b7" size="684" needRestart="false" />
  <file path="/mi/account_auth.res/btns/common_btn.png" url="http://phonetest.mioffice.cn/share/miflash/update/mi/account_auth.res/btns/common_btn.png" lastver="18f3a6916db564fb04bd5ad3fb63693f" size="998" needRestart="false" />
  <file path="/mi/account_auth.res/btns/green_btn_list.png" url="http://phonetest.mioffice.cn/share/miflash/update/mi/account_auth.res/btns/green_btn_list.png" lastver="6bc2ca493a3151429d774ea306f05acf" size="1453" needRestart="false" />
  <file path="/mi/account_auth.res/btns/min.png" url="http://phonetest.mioffice.cn/share/miflash/update/mi/account_auth.res/btns/min.png" lastver="ceafdb413590ca8a7a9a3d902397dc83" size="162" needRestart="false" />
  <file path="/mi/account_auth.res/btns/setting.png" url="http://phonetest.mioffice.cn/share/miflash/update/mi/account_auth.res/btns/setting.png" lastver="06a848bc20de2ec92a8e5b9ef546e9b9" size="1298" needRestart="false" />
  <file path="/mi/account_auth.res/imgs/bg.png" url="http://phonetest.mioffice.cn/share/miflash/update/mi/account_auth.res/imgs/bg.png" lastver="e8ed2eb2569327ca6d8c8d540623daae" size="4396" needRestart="false" />
  <file path="/mi/account_auth.res/imgs/combo.png" url="http://phonetest.mioffice.cn/share/miflash/update/mi/account_auth.res/imgs/combo.png" lastver="dad97e59e9b940a665a1fe5ac303b74b" size="46867" needRestart="false" />
  <file path="/mi/account_auth.res/imgs/Combo_nor.bmp" url="http://phonetest.mioffice.cn/share/miflash/update/mi/account_auth.res/imgs/Combo_nor.bmp" lastver="d5602480229abd39bb69bf8998931e8e" size="3814" needRestart="false" />
  <file path="/mi/account_auth.res/imgs/Combo_over.bmp" url="http://phonetest.mioffice.cn/share/miflash/update/mi/account_auth.res/imgs/Combo_over.bmp" lastver="2a16083840e8bef7305092f8fb5a21bd" size="3814" needRestart="false" />
  <file path="/mi/account_auth.res/imgs/default_user_icon.png" url="http://phonetest.mioffice.cn/share/miflash/update/mi/account_auth.res/imgs/default_user_icon.png" lastver="e2f5246644b56347a1085cf8724c379c" size="2284" needRestart="false" />
  <file path="/mi/account_auth.res/imgs/I.png" url="http://phonetest.mioffice.cn/share/miflash/update/mi/account_auth.res/imgs/I.png" lastver="4d06dc2360b0df165950a55c7beccbb9" size="931" needRestart="false" />
  <file path="/mi/account_auth.res/imgs/login.png" url="http://phonetest.mioffice.cn/share/miflash/update/mi/account_auth.res/imgs/login.png" lastver="37b78daecaf09fd358f5f96af96d8f7d" size="67895" needRestart="false" />
  <file path="/mi/account_auth.res/imgs/scroll_bar.png" url="http://phonetest.mioffice.cn/share/miflash/update/mi/account_auth.res/imgs/scroll_bar.png" lastver="df3c1b3cf2d6626854373fb87cf94cc4" size="970" needRestart="false" />
  <file path="/mi/account_auth.res/imgs/search_bk.png" url="http://phonetest.mioffice.cn/share/miflash/update/mi/account_auth.res/imgs/search_bk.png" lastver="b6bad9d7b11d62951f66ae451e901310" size="43048" needRestart="false" />
  <file path="/mi/account_auth.res/imgs/search_btn.png" url="http://phonetest.mioffice.cn/share/miflash/update/mi/account_auth.res/imgs/search_btn.png" lastver="37c3a1b50431267448976e6939c32bb4" size="41707" needRestart="false" />
  <file path="/mi/account_auth.res/imgs/user_icon_frame.png" url="http://phonetest.mioffice.cn/share/miflash/update/mi/account_auth.res/imgs/user_icon_frame.png" lastver="5a77fe5e8abd254442c3024dad9d0e2f" size="1510" needRestart="false" />
  <file path="/mi/account_auth.res/imgs/verify_code_bg.png" url="http://phonetest.mioffice.cn/share/miflash/update/mi/account_auth.res/imgs/verify_code_bg.png" lastver="5d1870f5fc06f046f6aaa7661a365bcc" size="977" needRestart="false" />
  <file path="/Source/LanguageLibrary.xml" url="http://phonetest.mioffice.cn/share/miflash/update/Source/LanguageLibrary.xml" lastver="0499601b52dcfdeed16f568c7b65004b" size="1319" needRestart="false" />
  <file path="/Source/mi.ico" url="http://phonetest.mioffice.cn/share/miflash/update/Source/mi.ico" lastver="4b3cb36092e931e08382cfc226d6eea9" size="9662" needRestart="false" />
  <file path="/Source/img/processing.gif" url="http://phonetest.mioffice.cn/share/miflash/update/Source/img/processing.gif" lastver="c3ca7db7c1c0396f1788f76d9d3795c0" size="1924" needRestart="false" />
  <file path="/Source/ThirdParty/Foxconn/PUB_TEST_FUNC_DLL.dll" url="http://phonetest.mioffice.cn/share/miflash/update/Source/ThirdParty/Foxconn/PUB_TEST_FUNC_DLL.dll" lastver="1.0.0.0" size="10752" needRestart="false" />
  <file path="/Source/ThirdParty/Foxconn/RoutingObject.dll" url="http://phonetest.mioffice.cn/share/miflash/update/Source/ThirdParty/Foxconn/RoutingObject.dll" lastver="1.7.5.0" size="57856" needRestart="false" />
  <file path="/Source/ThirdParty/Google/Android/adb.exe" url="http://phonetest.mioffice.cn/share/miflash/update/Source/ThirdParty/Google/Android/adb.exe" lastver="41d3388689c5223be4829671fd137a42" size="1543168" needRestart="false" />
  <file path="/Source/ThirdParty/Google/Android/AdbWinApi.dll" url="http://phonetest.mioffice.cn/share/miflash/update/Source/ThirdParty/Google/Android/AdbWinApi.dll" lastver="2.0.0.0" size="97792" needRestart="false" />
  <file path="/Source/ThirdParty/Google/Android/AdbWinUsbApi.dll" url="http://phonetest.mioffice.cn/share/miflash/update/Source/ThirdParty/Google/Android/AdbWinUsbApi.dll" lastver="2.0.0.1" size="62976" needRestart="false" />
  <file path="/Source/ThirdParty/Google/Android/fastboot.exe" url="http://phonetest.mioffice.cn/share/miflash/update/Source/ThirdParty/Google/Android/fastboot.exe" lastver="7fca5a3dbc5d112c1f0e73e3a1c47d34" size="812032" needRestart="false" />
  <file path="/Source/ThirdParty/Google/Android/libwinpthread-1.dll" url="http://phonetest.mioffice.cn/share/miflash/update/Source/ThirdParty/Google/Android/libwinpthread-1.dll" lastver="1, 0, 0, 0" size="141538" needRestart="false" />
  <file path="/Source/ThirdParty/Google/Android/NOTICE.txt" url="http://phonetest.mioffice.cn/share/miflash/update/Source/ThirdParty/Google/Android/NOTICE.txt" lastver="d5cc57d7e0e0c6867475a37a816ba58b" size="476417" needRestart="false" />
  <file path="/Source/ThirdParty/Google/Android/O_adb.exe" url="http://phonetest.mioffice.cn/share/miflash/update/Source/ThirdParty/Google/Android/O_adb.exe" lastver="5787e5df1a68e7afea82d58e5f0d6549" size="815104" needRestart="false" />
  <file path="/Source/ThirdParty/Google/Android/O_AdbWinApi.dll" url="http://phonetest.mioffice.cn/share/miflash/update/Source/ThirdParty/Google/Android/O_AdbWinApi.dll" lastver="2.0.0.0" size="96256" needRestart="false" />
  <file path="/Source/ThirdParty/Google/Android/O_AdbWinUsbApi.dll" url="http://phonetest.mioffice.cn/share/miflash/update/Source/ThirdParty/Google/Android/O_AdbWinUsbApi.dll" lastver="2.0.0.0" size="60928" needRestart="false" />
  <file path="/Source/ThirdParty/Google/Android/o_fastboot.exe" url="http://phonetest.mioffice.cn/share/miflash/update/Source/ThirdParty/Google/Android/o_fastboot.exe" lastver="005fe4fe04bf593c86ac92e424f46e0a" size="1970817" needRestart="false" />
  <file path="/Source/ThirdParty/Google/Android/source.properties" url="http://phonetest.mioffice.cn/share/miflash/update/Source/ThirdParty/Google/Android/source.properties" lastver="22765a1fd1390eadad6a99b00256eb25" size="16658" needRestart="false" />
  <file path="/Source/ThirdParty/Google/Driver/android_winusb.inf" url="http://phonetest.mioffice.cn/share/miflash/update/Source/ThirdParty/Google/Driver/android_winusb.inf" lastver="756e798dfbcf7a2c613586b377909772" size="243329" needRestart="false" />
  <file path="/Source/ThirdParty/Google/Driver/source.properties" url="http://phonetest.mioffice.cn/share/miflash/update/Source/ThirdParty/Google/Driver/source.properties" lastver="b221157c2bf9a5548b920f61cf63ac13" size="16851" needRestart="false" />
  <file path="/Source/ThirdParty/Google/Driver/xiaomiwinusb86.cat" url="http://phonetest.mioffice.cn/share/miflash/update/Source/ThirdParty/Google/Driver/xiaomiwinusb86.cat" lastver="3d5432c4b8b1f783bc5ac2f8e5a9589a" size="167245" needRestart="false" />
  <file path="/Source/ThirdParty/Google/Driver/xiaomiwinusba64.cat" url="http://phonetest.mioffice.cn/share/miflash/update/Source/ThirdParty/Google/Driver/xiaomiwinusba64.cat" lastver="9d1539a936bd11a53348b2a9cf591e51" size="167261" needRestart="false" />
  <file path="/Source/ThirdParty/Google/Driver/amd64/NOTICE.txt" url="http://phonetest.mioffice.cn/share/miflash/update/Source/ThirdParty/Google/Driver/amd64/NOTICE.txt" lastver="b704fc12e01955c722cff03529fc4e1c" size="239" needRestart="false" />
  <file path="/Source/ThirdParty/Google/Driver/amd64/WdfCoInstaller01009.dll" url="http://phonetest.mioffice.cn/share/miflash/update/Source/ThirdParty/Google/Driver/amd64/WdfCoInstaller01009.dll" lastver="1.9.7600.16385 (win7_rtm.090713-1255)" size="1740344" needRestart="false" />
  <file path="/Source/ThirdParty/Google/Driver/amd64/winusbcoinstaller2.dll" url="http://phonetest.mioffice.cn/share/miflash/update/Source/ThirdParty/Google/Driver/amd64/winusbcoinstaller2.dll" lastver="6.1.7600.16385 (win7_rtm.090713-1255)" size="1021488" needRestart="false" />
  <file path="/Source/ThirdParty/Google/Driver/amd64/WUDFUpdate_01009.dll" url="http://phonetest.mioffice.cn/share/miflash/update/Source/ThirdParty/Google/Driver/amd64/WUDFUpdate_01009.dll" lastver="6.1.7600.16385 (win7_rtm.090713-1255)" size="2170936" needRestart="false" />
  <file path="/Source/ThirdParty/Google/Driver/i386/NOTICE.txt" url="http://phonetest.mioffice.cn/share/miflash/update/Source/ThirdParty/Google/Driver/i386/NOTICE.txt" lastver="b704fc12e01955c722cff03529fc4e1c" size="239" needRestart="false" />
  <file path="/Source/ThirdParty/Google/Driver/i386/WdfCoInstaller01009.dll" url="http://phonetest.mioffice.cn/share/miflash/update/Source/ThirdParty/Google/Driver/i386/WdfCoInstaller01009.dll" lastver="1.9.7600.16385 (win7_rtm.090713-1255)" size="1480760" needRestart="false" />
  <file path="/Source/ThirdParty/Google/Driver/i386/winusbcoinstaller2.dll" url="http://phonetest.mioffice.cn/share/miflash/update/Source/ThirdParty/Google/Driver/i386/winusbcoinstaller2.dll" lastver="6.1.7600.16385 (win7_rtm.090713-1255)" size="869936" needRestart="false" />
  <file path="/Source/ThirdParty/Google/Driver/i386/WUDFUpdate_01009.dll" url="http://phonetest.mioffice.cn/share/miflash/update/Source/ThirdParty/Google/Driver/i386/WUDFUpdate_01009.dll" lastver="6.1.7600.16385 (win7_rtm.090713-1255)" size="1856056" needRestart="false" />
  <file path="/Source/ThirdParty/Inventec/BaseTools.dll" url="http://phonetest.mioffice.cn/share/miflash/update/Source/ThirdParty/Inventec/BaseTools.dll" lastver="3.2.3.8" size="71680" needRestart="false" />
  <file path="/Source/ThirdParty/Inventec/Debug.ini" url="http://phonetest.mioffice.cn/share/miflash/update/Source/ThirdParty/Inventec/Debug.ini" lastver="445b27bca064c7faddb6831b1eaf7082" size="54" needRestart="false" />
  <file path="/Source/ThirdParty/Inventec/FISTools.dll" url="http://phonetest.mioffice.cn/share/miflash/update/Source/ThirdParty/Inventec/FISTools.dll" lastver="2.5.1.6" size="46080" needRestart="false" />
  <file path="/Source/ThirdParty/Inventec/PUB_TEST_FUNC_DLL.dll" url="http://phonetest.mioffice.cn/share/miflash/update/Source/ThirdParty/Inventec/PUB_TEST_FUNC_DLL.dll" lastver="2.12.3.9" size="171008" needRestart="false" />
  <file path="/Source/ThirdParty/Mi/AdbWinApi.dll" url="http://phonetest.mioffice.cn/share/miflash/update/Source/ThirdParty/Mi/AdbWinApi.dll" lastver="2.0.0.0" size="96256" needRestart="false" />
  <file path="/Source/ThirdParty/Mi/fastboot.exe" url="http://phonetest.mioffice.cn/share/miflash/update/Source/ThirdParty/Mi/fastboot.exe" lastver="33ae0c5d46d3955400bfc1ce57e929c7" size="1977863" needRestart="false" />
  <file path="/Source/ThirdParty/Mi/msiexec.exe" url="http://phonetest.mioffice.cn/share/miflash/update/Source/ThirdParty/Mi/msiexec.exe" lastver="5.0.7601.18896 (win7sp1_gdr.150615-0956)" size="128000" needRestart="false" />
  <file path="/Source/ThirdParty/Mi/qcCoInstaller.dll" url="http://phonetest.mioffice.cn/share/miflash/update/Source/ThirdParty/Mi/qcCoInstaller.dll" lastver="2013, 11, 08, 0" size="116736" needRestart="false" />
  <file path="/Source/ThirdParty/Microsoft/vcredist_x86.exe" url="http://phonetest.mioffice.cn/share/miflash/update/Source/ThirdParty/Microsoft/vcredist_x86.exe" lastver="2.0.50727.5672" size="2702160" needRestart="false" />
  <file path="/Source/ThirdParty/Microsoft/xmllite.dll" url="http://phonetest.mioffice.cn/share/miflash/update/Source/ThirdParty/Microsoft/xmllite.dll" lastver="1.00.1018.0" size="121856" needRestart="false" />
  <file path="/Source/ThirdParty/Microsoft/Driver/androidmtp86.cat" url="http://phonetest.mioffice.cn/share/miflash/update/Source/ThirdParty/Microsoft/Driver/androidmtp86.cat" lastver="f936721514f6f739892a85de2541e0db" size="829263" needRestart="false" />
  <file path="/Source/ThirdParty/Microsoft/Driver/android_rndis_86.cat" url="http://phonetest.mioffice.cn/share/miflash/update/Source/ThirdParty/Microsoft/Driver/android_rndis_86.cat" lastver="7dd81b5bee37cf2ca9e97d500a8ddfb2" size="829260" needRestart="false" />
  <file path="/Source/ThirdParty/Microsoft/Driver/tetherxp.inf" url="http://phonetest.mioffice.cn/share/miflash/update/Source/ThirdParty/Microsoft/Driver/tetherxp.inf" lastver="5f3d8f8177552efbaed46a5b9ec6c832" size="320020" needRestart="false" />
  <file path="/Source/ThirdParty/Microsoft/Driver/umdf.exe" url="http://phonetest.mioffice.cn/share/miflash/update/Source/ThirdParty/Microsoft/Driver/umdf.exe" lastver="6.1.0022.4 (SRV03_QFE.031113-0918)" size="763352" needRestart="false" />
  <file path="/Source/ThirdParty/Microsoft/Driver/wmfdist11.exe" url="http://phonetest.mioffice.cn/share/miflash/update/Source/ThirdParty/Microsoft/Driver/wmfdist11.exe" lastver="6.1.0022.4 (SRV03_QFE.031113-0918)" size="9823376" needRestart="false" />
  <file path="/Source/ThirdParty/Microsoft/Driver/wpdmtphw.inf" url="http://phonetest.mioffice.cn/share/miflash/update/Source/ThirdParty/Microsoft/Driver/wpdmtphw.inf" lastver="662dd88a1c4825abbeabcb881a6e7921" size="559651" needRestart="false" />
  <file path="/Source/ThirdParty/Microsoft/WDK/inc/msports.h" url="http://phonetest.mioffice.cn/share/miflash/update/Source/ThirdParty/Microsoft/WDK/inc/msports.h" lastver="3f9975c7a9561f99ccd7d3dc644cad30" size="7171" needRestart="false" />
  <file path="/Source/ThirdParty/Microsoft/WDK/inc/usb.h" url="http://phonetest.mioffice.cn/share/miflash/update/Source/ThirdParty/Microsoft/WDK/inc/usb.h" lastver="19385f4f504162ab3e5e9e78a714b688" size="34169" needRestart="false" />
  <file path="/Source/ThirdParty/Microsoft/WDK/inc/usb100.h" url="http://phonetest.mioffice.cn/share/miflash/update/Source/ThirdParty/Microsoft/WDK/inc/usb100.h" lastver="95e6b2dfedec517d62fb172f12790c38" size="8090" needRestart="false" />
  <file path="/Source/ThirdParty/Microsoft/WDK/inc/usb200.h" url="http://phonetest.mioffice.cn/share/miflash/update/Source/ThirdParty/Microsoft/WDK/inc/usb200.h" lastver="3e4cf48f6585a52456b16403769eb631" size="3058" needRestart="false" />
  <file path="/Source/ThirdParty/Microsoft/WDK/inc/usbiodef.h" url="http://phonetest.mioffice.cn/share/miflash/update/Source/ThirdParty/Microsoft/WDK/inc/usbiodef.h" lastver="7c550699007039a55be884317424784b" size="6924" needRestart="false" />
  <file path="/Source/ThirdParty/Microsoft/WDK/inc/winusb.h" url="http://phonetest.mioffice.cn/share/miflash/update/Source/ThirdParty/Microsoft/WDK/inc/winusb.h" lastver="85207bb61f771871b36aa9121ae25bbe" size="5875" needRestart="false" />
  <file path="/Source/ThirdParty/Microsoft/WDK/inc/winusbio.h" url="http://phonetest.mioffice.cn/share/miflash/update/Source/ThirdParty/Microsoft/WDK/inc/winusbio.h" lastver="69cc6ce4c1d8ea195d746359c06ad78e" size="2200" needRestart="false" />
  <file path="/Source/ThirdParty/Microsoft/WDK/lib/amd64/msports.lib" url="http://phonetest.mioffice.cn/share/miflash/update/Source/ThirdParty/Microsoft/WDK/lib/amd64/msports.lib" lastver="bb283691c94a624ab42c0002cf4fca27" size="3998" needRestart="false" />
  <file path="/Source/ThirdParty/Microsoft/WDK/lib/amd64/winusb.lib" url="http://phonetest.mioffice.cn/share/miflash/update/Source/ThirdParty/Microsoft/WDK/lib/amd64/winusb.lib" lastver="c3c32a3ac0a5ea4ded748aec9906dd87" size="6686" needRestart="false" />
  <file path="/Source/ThirdParty/Microsoft/WDK/lib/x86/msports.lib" url="http://phonetest.mioffice.cn/share/miflash/update/Source/ThirdParty/Microsoft/WDK/lib/x86/msports.lib" lastver="ebfd625e18f192419d731c9b3c2395fb" size="4184" needRestart="false" />
  <file path="/Source/ThirdParty/Microsoft/WDK/lib/x86/winusb.lib" url="http://phonetest.mioffice.cn/share/miflash/update/Source/ThirdParty/Microsoft/WDK/lib/x86/winusb.lib" lastver="4582f9d738745c634a6172a333e6736c" size="7082" needRestart="false" />
  <file path="/Source/ThirdParty/Mtk/FlashToolLib.dll" url="http://phonetest.mioffice.cn/share/miflash/update/Source/ThirdParty/Mtk/FlashToolLib.dll" lastver="9d4feeff284d79516dfb72e86afdca2f" size="1254400" needRestart="false" />
  <file path="/Source/ThirdParty/Nvidia/Driver/NvidiaUsb.inf" url="http://phonetest.mioffice.cn/share/miflash/update/Source/ThirdParty/Nvidia/Driver/NvidiaUsb.inf" lastver="3253a9a0b858cf363f7710d151de7a5e" size="16166" needRestart="false" />
  <file path="/Source/ThirdParty/Nvidia/Driver/amd64/WdfCoInstaller01007.dll" url="http://phonetest.mioffice.cn/share/miflash/update/Source/ThirdParty/Nvidia/Driver/amd64/WdfCoInstaller01007.dll" lastver="1.7.6001.0 (longhorn_rtm.080118-1840)" size="1490656" needRestart="false" />
  <file path="/Source/ThirdParty/Nvidia/Driver/amd64/WinUSBCoInstaller.dll" url="http://phonetest.mioffice.cn/share/miflash/update/Source/ThirdParty/Nvidia/Driver/amd64/WinUSBCoInstaller.dll" lastver="6.0.5841.16388 (winmain(wmbla).060817-1752)" size="708168" needRestart="false" />
  <file path="/Source/ThirdParty/Nvidia/Driver/amd64/WUDFUpdate_01007.dll" url="http://phonetest.mioffice.cn/share/miflash/update/Source/ThirdParty/Nvidia/Driver/amd64/WUDFUpdate_01007.dll" lastver="6.0.6001.18000 (longhorn_rtm.080118-1840)" size="1533512" needRestart="false" />
  <file path="/Source/ThirdParty/Nvidia/Driver/i386/WdfCoInstaller01007.dll" url="http://phonetest.mioffice.cn/share/miflash/update/Source/ThirdParty/Nvidia/Driver/i386/WdfCoInstaller01007.dll" lastver="1.7.6001.0 (longhorn_rtm.080118-1840)" size="1112288" needRestart="false" />
  <file path="/Source/ThirdParty/Nvidia/Driver/i386/WinUSBCoInstaller.dll" url="http://phonetest.mioffice.cn/share/miflash/update/Source/ThirdParty/Nvidia/Driver/i386/WinUSBCoInstaller.dll" lastver="6.0.5841.16388 (winmain(wmbla).061102-0655)" size="581192" needRestart="false" />
  <file path="/Source/ThirdParty/Nvidia/Driver/i386/WUDFUpdate_01007.dll" url="http://phonetest.mioffice.cn/share/miflash/update/Source/ThirdParty/Nvidia/Driver/i386/WUDFUpdate_01007.dll" lastver="6.0.6001.18000 (longhorn_rtm.080118-1840)" size="1302600" needRestart="false" />
  <file path="/Source/ThirdParty/Nvidia/NvFlash/libnv3p.dll" url="http://phonetest.mioffice.cn/share/miflash/update/Source/ThirdParty/Nvidia/NvFlash/libnv3p.dll" lastver="0f0d32e8634a521db53dd37ddff53900" size="90112" needRestart="false" />
  <file path="/Source/ThirdParty/Nvidia/NvFlash/libnvaes_ref.dll" url="http://phonetest.mioffice.cn/share/miflash/update/Source/ThirdParty/Nvidia/NvFlash/libnvaes_ref.dll" lastver="6ac9e4c3c6df40c4b83319fe8f876171" size="57344" needRestart="false" />
  <file path="/Source/ThirdParty/Nvidia/NvFlash/libnvapputil.dll" url="http://phonetest.mioffice.cn/share/miflash/update/Source/ThirdParty/Nvidia/NvFlash/libnvapputil.dll" lastver="247b65fd4bbd364614557e3861fcdd11" size="98304" needRestart="false" />
  <file path="/Source/ThirdParty/Nvidia/NvFlash/libnvboothost.dll" url="http://phonetest.mioffice.cn/share/miflash/update/Source/ThirdParty/Nvidia/NvFlash/libnvboothost.dll" lastver="aebe7d91f6ba2ec28106d962c001fa8a" size="61440" needRestart="false" />
  <file path="/Source/ThirdParty/Nvidia/NvFlash/libnvdioconverter.dll" url="http://phonetest.mioffice.cn/share/miflash/update/Source/ThirdParty/Nvidia/NvFlash/libnvdioconverter.dll" lastver="f6d2d59daa22191e50d826017c1875f1" size="57344" needRestart="false" />
  <file path="/Source/ThirdParty/Nvidia/NvFlash/libnvflash.dll" url="http://phonetest.mioffice.cn/share/miflash/update/Source/ThirdParty/Nvidia/NvFlash/libnvflash.dll" lastver="050d182a1528417aca69c7152d10a0f8" size="106496" needRestart="false" />
  <file path="/Source/ThirdParty/Nvidia/NvFlash/libnvos.dll" url="http://phonetest.mioffice.cn/share/miflash/update/Source/ThirdParty/Nvidia/NvFlash/libnvos.dll" lastver="41bddf27b8c2970e18f6b534c762d9ec" size="114688" needRestart="false" />
  <file path="/Source/ThirdParty/Nvidia/NvFlash/libnvusbhost.dll" url="http://phonetest.mioffice.cn/share/miflash/update/Source/ThirdParty/Nvidia/NvFlash/libnvusbhost.dll" lastver="baf92d923ccf80acb71cf1d992117814" size="57344" needRestart="false" />
  <file path="/Source/ThirdParty/Nvidia/NvFlash/nvflash.exe" url="http://phonetest.mioffice.cn/share/miflash/update/Source/ThirdParty/Nvidia/NvFlash/nvflash.exe" lastver="d284075a7166f3905ac88d7a3eb0a9ed" size="823296" needRestart="false" />
  <file path="/Source/ThirdParty/Nvidia/NvFlashX3/libnv3p.dll" url="http://phonetest.mioffice.cn/share/miflash/update/Source/ThirdParty/Nvidia/NvFlashX3/libnv3p.dll" lastver="80e463348cc079cf0b5c76be6e56e98f" size="51200" needRestart="false" />
  <file path="/Source/ThirdParty/Nvidia/NvFlashX3/libnvaes_ref.dll" url="http://phonetest.mioffice.cn/share/miflash/update/Source/ThirdParty/Nvidia/NvFlashX3/libnvaes_ref.dll" lastver="de1a799043b5933fe181d49c90362053" size="13312" needRestart="false" />
  <file path="/Source/ThirdParty/Nvidia/NvFlashX3/libnvapputil.dll" url="http://phonetest.mioffice.cn/share/miflash/update/Source/ThirdParty/Nvidia/NvFlashX3/libnvapputil.dll" lastver="271e58f8a1b6acef47c6e11d8c13e6dd" size="82944" needRestart="false" />
  <file path="/Source/ThirdParty/Nvidia/NvFlashX3/libnvboothost.dll" url="http://phonetest.mioffice.cn/share/miflash/update/Source/ThirdParty/Nvidia/NvFlashX3/libnvboothost.dll" lastver="27b3a121de75cc6bedad13ad7d627d55" size="12288" needRestart="false" />
  <file path="/Source/ThirdParty/Nvidia/NvFlashX3/libnvbuildbct.dll" url="http://phonetest.mioffice.cn/share/miflash/update/Source/ThirdParty/Nvidia/NvFlashX3/libnvbuildbct.dll" lastver="2a22b66cbc245a9c5ec91c4f3fe0c53a" size="131072" needRestart="false" />
  <file path="/Source/ThirdParty/Nvidia/NvFlashX3/libnvdioconverter.dll" url="http://phonetest.mioffice.cn/share/miflash/update/Source/ThirdParty/Nvidia/NvFlashX3/libnvdioconverter.dll" lastver="784ee9c59f9db6b3c899f2b3e9bcb2c2" size="45056" needRestart="false" />
  <file path="/Source/ThirdParty/Nvidia/NvFlashX3/libnvflash.dll" url="http://phonetest.mioffice.cn/share/miflash/update/Source/ThirdParty/Nvidia/NvFlashX3/libnvflash.dll" lastver="4c7cd93a18ce40943e094b9e6ab32e66" size="46080" needRestart="false" />
  <file path="/Source/ThirdParty/Nvidia/NvFlashX3/libnvos.dll" url="http://phonetest.mioffice.cn/share/miflash/update/Source/ThirdParty/Nvidia/NvFlashX3/libnvos.dll" lastver="9499101abf0ce3e0e39295daf5fab5aa" size="46592" needRestart="false" />
  <file path="/Source/ThirdParty/Nvidia/NvFlashX3/libnvusbhost.dll" url="http://phonetest.mioffice.cn/share/miflash/update/Source/ThirdParty/Nvidia/NvFlashX3/libnvusbhost.dll" lastver="b04296fa9d72dd61edc7da35f885e560" size="12288" needRestart="false" />
  <file path="/Source/ThirdParty/Nvidia/NvFlashX3/nvflash.exe" url="http://phonetest.mioffice.cn/share/miflash/update/Source/ThirdParty/Nvidia/NvFlashX3/nvflash.exe" lastver="b0265266a755a4ac71fcfde20c834ab7" size="422912" needRestart="false" />
  <file path="/Source/ThirdParty/Qualcomm/Driver/qcser.cat" url="http://phonetest.mioffice.cn/share/miflash/update/Source/ThirdParty/Qualcomm/Driver/qcser.cat" lastver="75471ecf47867df2d3ac2e57d957a3f0" size="53770" needRestart="false" />
  <file path="/Source/ThirdParty/Qualcomm/Driver/qcser.inf" url="http://phonetest.mioffice.cn/share/miflash/update/Source/ThirdParty/Qualcomm/Driver/qcser.inf" lastver="4b27366d9cff51249d091d9ffbf0bc95" size="127289" needRestart="false" />
  <file path="/Source/ThirdParty/Qualcomm/Driver/serial/amd64/qcCoInstaller.dll" url="http://phonetest.mioffice.cn/share/miflash/update/Source/ThirdParty/Qualcomm/Driver/serial/amd64/qcCoInstaller.dll" lastver="2013, 11, 08, 0" size="149648" needRestart="false" />
  <file path="/Source/ThirdParty/Qualcomm/Driver/serial/amd64/qcusbser.sys" url="http://phonetest.mioffice.cn/share/miflash/update/Source/ThirdParty/Qualcomm/Driver/serial/amd64/qcusbser.sys" lastver="2. 1. 0. 5" size="252048" needRestart="false" />
  <file path="/Source/ThirdParty/Qualcomm/Driver/serial/arm/qcusbser.sys" url="http://phonetest.mioffice.cn/share/miflash/update/Source/ThirdParty/Qualcomm/Driver/serial/arm/qcusbser.sys" lastver="2. 1. 0. 5" size="203920" needRestart="false" />
  <file path="/Source/ThirdParty/Qualcomm/Driver/serial/i386/qcCoInstaller.dll" url="http://phonetest.mioffice.cn/share/miflash/update/Source/ThirdParty/Qualcomm/Driver/serial/i386/qcCoInstaller.dll" lastver="2013, 11, 08, 0" size="126096" needRestart="false" />
  <file path="/Source/ThirdParty/Qualcomm/Driver/serial/i386/qcusbser.sys" url="http://phonetest.mioffice.cn/share/miflash/update/Source/ThirdParty/Qualcomm/Driver/serial/i386/qcusbser.sys" lastver="2. 1. 0. 5" size="214672" needRestart="false" />
  <file path="/Source/ThirdParty/Qualcomm/fh_loader/ffutoraw.exe" url="http://phonetest.mioffice.cn/share/miflash/update/Source/ThirdParty/Qualcomm/fh_loader/ffutoraw.exe" lastver="a45abba52ba657ddc1648907664bf12e" size="83968" needRestart="false" />
  <file path="/Source/ThirdParty/Qualcomm/fh_loader/fh_loader.c" url="http://phonetest.mioffice.cn/share/miflash/update/Source/ThirdParty/Qualcomm/fh_loader/fh_loader.c" lastver="4da75e339dd52dc7fcd4de46ed9cfaec" size="386736" needRestart="false" />
  <file path="/Source/ThirdParty/Qualcomm/fh_loader/fh_loader.exe" url="http://phonetest.mioffice.cn/share/miflash/update/Source/ThirdParty/Qualcomm/fh_loader/fh_loader.exe" lastver="989ab94abadfe0e86f004f0cf3464a76" size="302592" needRestart="false" />
  <file path="/Source/ThirdParty/Qualcomm/fh_loader/lsusb.exe" url="http://phonetest.mioffice.cn/share/miflash/update/Source/ThirdParty/Qualcomm/fh_loader/lsusb.exe" lastver="74a89b028606628d3ec6416ff5fe4c0c" size="75264" needRestart="false" />
  <file path="/Source/ThirdParty/Qualcomm/fh_loader/QSaharaServer.exe" url="http://phonetest.mioffice.cn/share/miflash/update/Source/ThirdParty/Qualcomm/fh_loader/QSaharaServer.exe" lastver="d60705ad1e901cfd7f85bcf14070494c" size="203776" needRestart="false" />
  <file path="/Source/ThirdParty/Qualcomm/fh_loader/QSaharaServer/src/comm.c" url="http://phonetest.mioffice.cn/share/miflash/update/Source/ThirdParty/Qualcomm/fh_loader/QSaharaServer/src/comm.c" lastver="3640073818efb344f3ca80a398abcb7d" size="10011" needRestart="false" />
  <file path="/Source/ThirdParty/Qualcomm/fh_loader/QSaharaServer/src/comm.h" url="http://phonetest.mioffice.cn/share/miflash/update/Source/ThirdParty/Qualcomm/fh_loader/QSaharaServer/src/comm.h" lastver="14f47d47cf2d4147883e64ea92cf2a1b" size="2312" needRestart="false" />
  <file path="/Source/ThirdParty/Qualcomm/fh_loader/QSaharaServer/src/common_protocol_defs.h" url="http://phonetest.mioffice.cn/share/miflash/update/Source/ThirdParty/Qualcomm/fh_loader/QSaharaServer/src/common_protocol_defs.h" lastver="46d3a5334833fe1b644427ecff8d58b6" size="3580" needRestart="false" />
  <file path="/Source/ThirdParty/Qualcomm/fh_loader/QSaharaServer/src/external_utils.c" url="http://phonetest.mioffice.cn/share/miflash/update/Source/ThirdParty/Qualcomm/fh_loader/QSaharaServer/src/external_utils.c" lastver="b0e7d99796acc7b054a7912a67c81191" size="1501" needRestart="false" />
  <file path="/Source/ThirdParty/Qualcomm/fh_loader/QSaharaServer/src/external_utils.h" url="http://phonetest.mioffice.cn/share/miflash/update/Source/ThirdParty/Qualcomm/fh_loader/QSaharaServer/src/external_utils.h" lastver="fd04d1341bb571f6f4546c19e5eb6d13" size="267" needRestart="false" />
  <file path="/Source/ThirdParty/Qualcomm/fh_loader/QSaharaServer/src/kickstart.c" url="http://phonetest.mioffice.cn/share/miflash/update/Source/ThirdParty/Qualcomm/fh_loader/QSaharaServer/src/kickstart.c" lastver="b558b8d1a124afcdb28b8a820ecf19e7" size="10634" needRestart="false" />
  <file path="/Source/ThirdParty/Qualcomm/fh_loader/QSaharaServer/src/kickstart_log.c" url="http://phonetest.mioffice.cn/share/miflash/update/Source/ThirdParty/Qualcomm/fh_loader/QSaharaServer/src/kickstart_log.c" lastver="686fb51042abd2cb5a944c131a2f94d3" size="3042" needRestart="false" />
  <file path="/Source/ThirdParty/Qualcomm/fh_loader/QSaharaServer/src/kickstart_log.h" url="http://phonetest.mioffice.cn/share/miflash/update/Source/ThirdParty/Qualcomm/fh_loader/QSaharaServer/src/kickstart_log.h" lastver="0110d189502e69a46c5e3b79a6ae9013" size="2603" needRestart="false" />
  <file path="/Source/ThirdParty/Qualcomm/fh_loader/QSaharaServer/src/kickstart_utils.c" url="http://phonetest.mioffice.cn/share/miflash/update/Source/ThirdParty/Qualcomm/fh_loader/QSaharaServer/src/kickstart_utils.c" lastver="e7c4ca8c07216dc596335598adcbbd9c" size="11684" needRestart="false" />
  <file path="/Source/ThirdParty/Qualcomm/fh_loader/QSaharaServer/src/kickstart_utils.h" url="http://phonetest.mioffice.cn/share/miflash/update/Source/ThirdParty/Qualcomm/fh_loader/QSaharaServer/src/kickstart_utils.h" lastver="3ca8ae4db31e7c4438309afb41d31c68" size="2484" needRestart="false" />
  <file path="/Source/ThirdParty/Qualcomm/fh_loader/QSaharaServer/src/Makefile" url="http://phonetest.mioffice.cn/share/miflash/update/Source/ThirdParty/Qualcomm/fh_loader/QSaharaServer/src/Makefile" lastver="79d3508ba103a27e6dcb6f448af83f30" size="298" needRestart="false" />
  <file path="/Source/ThirdParty/Qualcomm/fh_loader/QSaharaServer/src/sahara_protocol.c" url="http://phonetest.mioffice.cn/share/miflash/update/Source/ThirdParty/Qualcomm/fh_loader/QSaharaServer/src/sahara_protocol.c" lastver="8137b2b76e2462e916f31e29ef46b063" size="57001" needRestart="false" />
  <file path="/Source/ThirdParty/Qualcomm/fh_loader/QSaharaServer/src/sahara_protocol.h" url="http://phonetest.mioffice.cn/share/miflash/update/Source/ThirdParty/Qualcomm/fh_loader/QSaharaServer/src/sahara_protocol.h" lastver="efe6313c40d143374f81103606ba6d36" size="18128" needRestart="false" />
  <file path="/Source/ThirdParty/Qualcomm/fh_loader/QSaharaServer/src/windows_utils.c" url="http://phonetest.mioffice.cn/share/miflash/update/Source/ThirdParty/Qualcomm/fh_loader/QSaharaServer/src/windows_utils.c" lastver="e9193f5041863b12e05f7c8f6605c3a8" size="1266" needRestart="false" />
  <file path="/Source/ThirdParty/Qualcomm/fh_loader/QSaharaServer/src/windows_utils.h" url="http://phonetest.mioffice.cn/share/miflash/update/Source/ThirdParty/Qualcomm/fh_loader/QSaharaServer/src/windows_utils.h" lastver="514a61cb7d146ab3a7e9fc0bbc29ce74" size="633" needRestart="false" />
  <file path="/SP_Download_tool/Authentication.dll" url="http://phonetest.mioffice.cn/share/miflash/update/SP_Download_tool/Authentication.dll" lastver="d16da4d3a083b2838b5720533c9ea30a" size="159744" needRestart="false" />
  <file path="/SP_Download_tool/eboot.dll" url="http://phonetest.mioffice.cn/share/miflash/update/SP_Download_tool/eboot.dll" lastver="1.1123.03&#xA;[Official-Build]&#xA;(Release Version)" size="159744" needRestart="false" />
  <file path="/SP_Download_tool/FlashToolLib.dll" url="http://phonetest.mioffice.cn/share/miflash/update/SP_Download_tool/FlashToolLib.dll" lastver="ed5200375544eee38d2639696b62fcfb" size="1319936" needRestart="false" />
  <file path="/SP_Download_tool/FlashToolLib.v1.dll" url="http://phonetest.mioffice.cn/share/miflash/update/SP_Download_tool/FlashToolLib.v1.dll" lastver="7.1645.03&#xA;[Official-Build]&#xA;(Release Version)" size="2632192" needRestart="false" />
  <file path="/SP_Download_tool/FlashtoollibEx.dll" url="http://phonetest.mioffice.cn/share/miflash/update/SP_Download_tool/FlashtoollibEx.dll" lastver="23b04eea532f5fbc3dffdfd931031a77" size="4001280" needRestart="false" />
  <file path="/SP_Download_tool/Mtk_Download_Config.xml" url="http://phonetest.mioffice.cn/share/miflash/update/SP_Download_tool/Mtk_Download_Config.xml" lastver="64b5d0264aeefb808885ba40610c673e" size="1587" needRestart="false" />
  <file path="/SP_Download_tool/MTRACE.dll" url="http://phonetest.mioffice.cn/share/miflash/update/SP_Download_tool/MTRACE.dll" lastver="ea62508cc67e4cfeacee31379d43d9f4" size="16896" needRestart="false" />
  <file path="/SP_Download_tool/SP_download_tool.exe" url="http://phonetest.mioffice.cn/share/miflash/update/SP_Download_tool/SP_download_tool.exe" lastver="fa9131dee7bfcca568115c5bf3d87d74" size="142336" needRestart="false" />
</updateFiles>